time,TEMPERATURE,UV,DUST,LIGHT,CO2
2025-03-01 11:33,55,0,0,0,0
2025-03-01 11:33,0,0,64,0,0
2025-03-01 11:33,0,0,0,58,0
2025-03-01 11:33,0,0,0,0,52
2025-03-01 11:33,0,0,0,0,64
2025-03-01 11:33,0,50,0,0,0
2025-03-01 11:33,58,0,0,0,0
2025-03-01 11:33,0,0,40,0,0
2025-03-01 11:33,0,0,0,0,39
2025-03-01 11:33,0,0,59,0,0
2025-03-01 11:33,0,30,0,0,0
2025-03-01 11:33,0,0,0,49,0
2025-03-01 11:33,64,0,0,0,0
2025-03-01 11:33,0,0,0,0,37
2025-03-01 11:33,0,0,0,53,0
2025-03-01 11:33,37,0,0,0,0
2025-03-01 11:33,0,0,0,0,43
2025-03-01 11:33,0,0,60,0,0
2025-03-01 11:33,0,33,0,0,0
2025-03-01 11:34,0,0,0,68,0
2025-03-01 11:34,53,0,0,0,0
2025-03-01 11:34,0,0,0,0,33
2025-03-01 11:34,0,0,50,0,0
2025-03-01 11:34,0,47,0,0,0
2025-03-01 11:34,0,0,0,57,0
2025-03-01 11:34,48,0,0,0,0
2025-03-01 11:34,0,0,0,0,60
2025-03-01 11:34,0,0,53,0,0
2025-03-01 11:34,0,42,0,0,0
2025-03-01 11:34,0,0,0,45,0
2025-03-01 11:34,0,0,45,0,0
2025-03-01 11:34,0,0,0,0,38
2025-03-01 11:34,0,0,45,0,0
2025-03-01 11:34,47,0,0,0,0
2025-03-01 11:34,0,0,0,0,55
2025-03-01 11:34,0,0,36,0,0
2025-03-01 11:34,0,51,0,0,0
2025-03-01 11:34,0,0,0,37,0
2025-03-01 11:35,44,0,0,0,0
2025-03-01 11:35,0,0,0,0,66
2025-03-01 11:35,0,0,60,0,0
2025-03-01 11:35,0,30,0,0,0
2025-03-01 11:35,0,0,0,52,0
2025-03-01 11:35,0,0,47,0,0
2025-03-01 11:35,0,49,0,0,0
2025-03-01 11:35,0,0,0,35,0
2025-03-01 11:35,45,0,0,0,0
2025-03-01 11:35,0,0,0,0,40
2025-03-01 11:35,0,0,59,0,0
2025-03-01 11:35,0,49,0,0,0
2025-03-01 11:35,0,0,0,58,0
2025-03-01 11:35,62,0,0,0,0
2025-03-01 11:35,0,0,0,0,50
2025-03-01 11:35,0,0,48,0,0
2025-03-01 11:35,0,45,0,0,0
2025-03-01 11:35,0,0,0,46,0
2025-03-01 11:35,0,0,53,0,0
2025-03-01 11:36,0,49,0,0,0
2025-03-01 11:36,0,0,0,48,0
2025-03-01 11:36,51,0,0,0,0
2025-03-01 11:36,0,0,0,0,46
2025-03-01 11:36,0,0,47,0,0
2025-03-01 11:36,0,49,0,0,0
2025-03-01 11:36,0,0,0,58,0
2025-03-01 11:36,47,0,0,0,0
2025-03-01 11:36,0,40,0,0,0
2025-03-01 11:36,0,0,0,39,0
2025-03-01 11:36,62,0,0,0,0
2025-03-01 11:36,0,0,0,0,54
2025-03-01 11:36,0,0,52,0,0
2025-03-01 11:36,0,50,0,0,0
2025-03-01 11:36,0,0,0,61,0
2025-03-01 11:36,43,0,0,0,0
2025-03-01 11:36,0,0,0,0,60
2025-03-01 11:36,0,0,0,47,0
2025-03-01 11:36,51,0,0,0,0
2025-03-01 11:36,0,0,0,0,64
2025-03-01 11:37,0,0,40,0,0
2025-03-01 11:37,0,38,0,0,0
2025-03-01 11:37,0,0,0,75,0
2025-03-01 11:37,59,0,0,0,0
2025-03-01 11:37,0,0,0,0,49
2025-03-01 11:37,0,0,51,0,0
2025-03-01 11:37,0,34,0,0,0
2025-03-01 11:37,0,0,0,49,0
2025-03-01 11:37,44,0,0,0,0
2025-03-01 11:37,0,0,0,0,45
2025-03-01 11:37,0,0,41,0,0
2025-03-01 11:37,0,56,0,0,0
2025-03-01 11:37,0,0,0,38,0
2025-03-01 11:37,0,0,56,0,0
2025-03-01 11:37,0,37,0,0,0
2025-03-01 11:37,0,0,0,54,0
2025-03-01 11:37,53,0,0,0,0
2025-03-01 11:37,0,0,0,0,52
2025-03-01 11:37,0,0,59,0,0
2025-03-01 11:38,0,41,0,0,0
2025-03-01 11:38,0,0,0,66,0
2025-03-01 11:38,51,0,0,0,0
2025-03-01 11:38,0,0,0,0,51
2025-03-01 11:38,0,0,48,0,0
2025-03-01 11:38,0,63,0,0,0
2025-03-01 11:38,0,0,0,51,0
2025-03-01 11:38,0,0,46,0,0
2025-03-01 11:38,0,62,0,0,0
2025-03-01 11:38,0,0,0,55,0
2025-03-01 11:38,27,0,0,0,0
2025-03-01 11:38,0,0,0,0,33
2025-03-01 11:38,0,0,47,0,0
2025-03-01 11:38,0,48,0,0,0
2025-03-01 11:38,0,0,0,47,0
2025-03-01 11:38,44,0,0,0,0
2025-03-01 11:38,0,0,0,0,48
2025-03-01 11:38,0,0,38,0,0
2025-03-01 11:38,0,57,0,0,0
2025-03-01 11:38,0,0,0,49,0
2025-03-01 11:39,50,0,0,0,0
2025-03-01 11:39,0,0,0,0,65
2025-03-01 11:39,0,0,52,0,0
2025-03-01 11:39,0,56,0,0,0
2025-03-01 11:39,0,0,0,44,0
2025-03-01 11:39,0,0,40,0,0
2025-03-01 11:39,0,61,0,0,0
2025-03-01 11:39,0,0,0,51,0
2025-03-01 11:39,42,0,0,0,0
2025-03-01 11:39,0,0,0,0,51
2025-03-01 11:39,0,0,42,0,0
2025-03-01 11:39,0,70,0,0,0
2025-03-01 11:39,0,0,0,38,0
2025-03-01 11:39,64,0,0,0,0
2025-03-01 11:39,0,49,0,0,0
2025-03-01 11:39,0,0,0,65,0
2025-03-01 11:39,0,57,0,0,0
2025-03-01 11:39,0,0,0,59,0
2025-03-01 11:39,48,0,0,0,0
2025-03-01 11:40,0,0,0,0,41
2025-03-01 11:40,0,0,48,0,0
2025-03-01 11:40,0,45,0,0,0
2025-03-01 11:40,0,0,0,49,0
2025-03-01 11:40,0,0,56,0,0
2025-03-01 11:40,0,43,0,0,0
2025-03-01 11:40,0,0,0,46,0
2025-03-01 11:40,55,0,0,0,0
2025-03-01 11:40,0,0,0,0,60
2025-03-01 11:40,0,0,58,0,0
2025-03-01 11:40,0,56,0,0,0
2025-03-01 11:40,0,0,0,55,0
2025-03-01 11:40,0,0,42,0,0
2025-03-01 11:40,0,43,0,0,0
2025-03-01 11:40,0,0,0,32,0
2025-03-01 11:40,40,0,0,0,0
2025-03-01 11:40,0,0,0,0,38
2025-03-01 11:40,0,0,53,0,0
2025-03-01 11:40,0,35,0,0,0
2025-03-01 11:40,0,0,0,43,0
2025-03-01 11:41,0,0,64,0,0
2025-03-01 11:41,0,48,0,0,0
2025-03-01 11:41,0,0,0,49,0
2025-03-01 11:41,53,0,0,0,0
2025-03-01 11:41,0,0,0,61,0
2025-03-01 11:41,0,0,58,0,0
2025-03-01 11:41,0,48,0,0,0
2025-03-01 11:41,0,0,0,49,0
2025-03-01 11:41,49,0,0,0,0
2025-03-01 11:41,0,0,0,0,40
2025-03-01 11:41,0,0,57,0,0
2025-03-01 11:41,0,45,0,0,0
2025-03-01 11:41,0,0,0,47,0
2025-03-01 11:41,79,0,0,0,0
2025-03-01 11:41,0,0,0,0,47
2025-03-01 11:41,0,0,38,0,0
2025-03-01 11:41,0,47,0,0,0
2025-03-01 11:41,0,0,0,48,0
2025-03-01 11:41,0,0,56,0,0
2025-03-01 11:42,0,55,0,0,0
2025-03-01 11:42,0,0,0,46,0
2025-03-01 11:42,49,0,0,0,0
2025-03-01 11:42,0,0,0,0,31
2025-03-01 11:42,0,0,55,0,0
2025-03-01 11:42,62,0,0,0,0
2025-03-01 11:42,0,0,0,0,35
2025-03-01 11:42,0,0,41,0,0
2025-03-01 11:42,0,40,0,0,0
2025-03-01 11:42,0,0,0,52,0
2025-03-01 11:42,55,0,0,0,0
2025-03-01 11:42,0,0,0,0,58
2025-03-01 11:42,0,0,0,53,0
2025-03-01 11:42,0,40,0,0,0
2025-03-01 11:42,0,0,0,54,0
2025-03-01 11:42,0,0,28,0,0
2025-03-01 11:42,0,55,0,0,0
2025-03-01 11:42,0,0,50,0,0
2025-03-01 11:42,0,46,0,0,0
2025-03-01 11:43,0,0,0,48,0
2025-03-01 11:43,0,0,54,0,0
2025-03-01 11:43,0,53,0,0,0
2025-03-01 11:43,0,0,0,56,0
2025-03-01 11:43,35,0,0,0,0
2025-03-01 11:43,0,0,0,0,55
2025-03-01 11:43,0,0,64,0,0
2025-03-01 11:43,0,38,0,0,0
2025-03-01 11:43,0,0,0,48,0
2025-03-01 11:43,53,0,0,0,0
2025-03-01 11:43,0,0,0,0,60
2025-03-01 11:43,0,0,0,51,0
2025-03-01 11:43,57,0,0,0,0
2025-03-01 11:43,0,0,0,0,63
2025-03-01 11:43,0,0,46,0,0
2025-03-01 11:43,0,41,0,0,0
2025-03-01 11:43,0,0,0,53,0
2025-03-01 11:43,55,0,0,0,0
2025-03-01 11:43,0,0,0,0,28
2025-03-01 11:43,0,0,51,0,0
2025-03-01 11:44,0,49,0,0,0
2025-03-01 11:44,0,0,0,56,0
2025-03-01 11:56,67,0,0,0,0
2025-03-01 11:56,0,0,0,0,72
2025-03-01 11:56,0,0,46,0,0
2025-03-01 11:56,0,37,0,0,0
2025-03-01 11:56,0,0,0,59,0
2025-03-01 11:56,58,0,0,0,0
2025-03-01 12:15,0,53,0,0,0
2025-03-01 12:15,60,0,0,0,0
2025-03-01 12:15,0,0,38,0,0
2025-03-01 12:15,0,44,0,0,0
2025-03-01 12:15,0,0,0,40,0
2025-03-01 12:15,55,0,0,0,0
2025-03-01 12:15,0,49,0,0,0
2025-03-01 12:15,0,0,0,52,0
2025-03-01 12:15,0,49,0,0,0
2025-03-01 12:15,0,0,0,0,63
2025-03-01 12:15,0,0,38,0,0
2025-03-01 12:15,0,61,0,0,0
2025-03-01 12:15,0,0,0,47,0
2025-03-01 12:15,44,0,0,0,0
2025-03-01 12:15,0,0,0,0,46
2025-03-01 12:16,0,0,74,0,0
2025-03-01 12:16,0,63,0,0,0
2025-03-01 12:16,0,0,0,48,0
2025-03-01 12:16,42,0,0,0,0
2025-03-01 12:16,0,0,0,0,57
2025-03-01 12:16,0,0,45,0,0
2025-03-01 12:16,0,58,0,0,0
2025-03-01 12:16,0,0,0,45,0
2025-03-01 12:16,0,0,56,0,0
2025-03-01 12:16,0,60,0,0,0
2025-03-01 12:16,0,0,0,62,0
2025-03-01 12:16,57,0,0,0,0
2025-03-01 12:16,0,0,0,0,45
2025-03-01 12:16,0,0,58,0,0
2025-03-01 12:16,0,59,0,0,0
2025-03-01 12:16,0,0,0,0,57
2025-03-01 12:16,0,0,47,0,0
2025-03-01 12:16,0,42,0,0,0
2025-03-01 12:16,0,0,0,44,0
2025-03-01 12:17,53,0,0,0,0
2025-03-01 12:17,0,0,0,0,47
2025-03-01 12:17,0,0,54,0,0
2025-03-01 12:17,0,56,0,0,0
2025-03-01 12:17,0,0,0,0,51
2025-03-01 12:17,0,0,37,0,0
2025-03-01 12:17,0,49,0,0,0
2025-03-01 12:17,0,0,0,47,0
2025-03-01 12:17,42,0,0,0,0
2025-03-01 12:17,0,0,0,0,45
2025-03-01 12:17,0,0,51,0,0
2025-03-01 12:17,0,36,0,0,0
2025-03-01 12:17,0,0,0,0,55
2025-03-01 12:17,0,0,61,0,0
2025-03-01 12:17,0,57,0,0,0
2025-03-01 12:17,0,0,0,43,0
2025-03-01 12:17,52,0,0,0,0
2025-03-01 12:17,0,0,0,0,47
2025-03-01 12:17,0,0,49,0,0
2025-03-01 12:18,0,43,0,0,0
2025-03-01 12:18,0,0,0,38,0
2025-03-01 12:18,37,0,0,0,0
2025-03-01 12:18,0,0,0,0,41
2025-03-01 12:18,0,0,52,0,0
2025-03-01 12:18,0,52,0,0,0
2025-03-01 12:18,0,0,0,33,0
2025-03-01 12:18,59,0,0,0,0
2025-03-01 12:18,0,0,0,0,40
2025-03-01 12:18,0,0,0,28,0
2025-03-01 12:18,29,0,0,0,0
2025-03-01 12:18,0,0,0,0,50
2025-03-01 12:18,0,0,55,0,0
2025-03-01 12:18,0,59,0,0,0
2025-03-01 12:18,0,0,0,58,0
2025-03-01 12:18,52,0,0,0,0
2025-03-01 12:18,0,0,0,67,0
2025-03-01 12:18,0,0,41,0,0
2025-03-01 12:18,0,55,0,0,0
2025-03-01 12:18,0,0,0,56,0
2025-03-01 12:19,57,0,0,0,0
2025-03-01 12:19,0,0,0,0,64
2025-03-01 12:19,0,0,59,0,0
2025-03-01 12:19,0,58,0,0,0
2025-03-01 12:19,0,0,0,32,0
2025-03-01 12:19,37,0,0,0,0
2025-03-01 12:19,0,42,0,0,0
2025-03-01 12:19,0,0,56,0,0
2025-03-01 12:19,42,0,0,0,0
2025-03-01 12:19,0,0,0,0,42
2025-03-01 12:19,0,0,46,0,0
2025-03-01 12:19,0,50,0,0,0
2025-03-01 12:19,0,0,0,55,0
2025-03-01 12:19,59,0,0,0,0
2025-03-01 12:19,0,0,0,0,40
2025-03-01 12:19,0,0,32,0,0
2025-03-01 12:19,0,55,0,0,0
2025-03-01 12:19,0,0,0,0,56
2025-03-01 12:19,0,0,58,0,0
2025-03-01 12:20,0,36,0,0,0
2025-03-01 12:20,0,0,0,65,0
2025-03-01 12:20,40,0,0,0,0
2025-03-01 12:20,0,0,0,0,35
2025-03-01 12:20,0,0,48,0,0
2025-03-01 12:20,0,61,0,0,0
2025-03-01 12:20,0,0,0,53,0
2025-03-01 12:20,55,0,0,0,0
2025-03-01 12:20,0,0,0,0,61
2025-03-01 12:20,0,0,0,60,0
2025-03-01 12:20,45,0,0,0,0
2025-03-01 12:20,0,0,0,0,63
2025-03-01 12:20,0,0,47,0,0
2025-03-01 12:20,0,47,0,0,0
2025-03-01 12:20,0,0,0,60,0
2025-03-01 12:20,53,0,0,0,0
2025-03-01 12:20,0,0,0,0,31
2025-03-01 12:20,0,0,58,0,0
2025-03-01 12:20,0,59,0,0,0
2025-03-01 12:20,0,0,0,43,0
2025-03-01 12:21,51,0,0,0,0
2025-03-01 12:21,0,0,0,0,61
2025-03-01 12:21,0,0,61,0,0
2025-03-01 12:21,0,53,0,0,0
2025-03-01 12:21,0,0,0,46,0
2025-03-01 12:21,0,0,47,0,0
2025-03-01 12:21,0,0,0,0,47
2025-03-01 12:21,0,0,60,0,0
2025-03-01 12:21,63,0,0,0,0
2025-03-01 12:21,0,0,0,0,51
2025-03-01 12:21,0,0,58,0,0
2025-03-01 12:21,0,0,0,0,43
2025-03-01 12:21,0,0,58,0,0
2025-03-01 12:21,0,47,0,0,0
2025-03-01 12:21,0,0,0,56,0
2025-03-01 12:21,0,0,45,0,0
2025-03-01 12:21,0,65,0,0,0
2025-03-01 12:21,0,0,0,43,0
2025-03-01 12:21,55,0,0,0,0
2025-03-01 12:21,0,0,0,0,61
2025-03-01 12:22,0,0,58,0,0
2025-03-01 12:22,0,59,0,0,0
2025-03-01 12:22,0,0,0,62,0
2025-03-01 12:22,54,0,0,0,0
2025-03-01 12:22,0,0,0,0,31
2025-03-01 12:22,0,0,51,0,0
2025-03-01 12:22,57,0,0,0,0
2025-03-01 12:22,0,0,0,0,55
2025-03-01 12:22,0,0,45,0,0
2025-03-01 12:22,0,63,0,0,0
2025-03-01 12:22,0,0,0,65,0
2025-03-01 12:22,61,0,0,0,0
2025-03-01 12:22,0,0,0,0,47
2025-03-01 12:22,0,0,61,0,0
2025-03-01 12:22,0,35,0,0,0
2025-03-01 12:22,0,0,0,48,0
2025-03-01 12:22,65,0,0,0,0
2025-03-01 12:22,0,0,0,0,49
2025-03-01 12:22,0,0,44,0,0
2025-03-01 12:23,0,68,0,0,0
2025-03-01 12:23,0,0,0,0,43
2025-03-01 12:23,0,0,67,0,0
2025-03-01 12:23,0,50,0,0,0
2025-03-01 12:23,0,0,0,47,0
2025-03-01 12:23,50,0,0,0,0
2025-03-01 12:23,0,0,0,0,50
2025-03-01 12:23,0,0,49,0,0
2025-03-01 12:23,0,54,0,0,0
2025-03-01 12:23,0,0,0,55,0
2025-03-01 12:23,52,0,0,0,0
2025-03-01 12:23,0,0,0,0,54
2025-03-01 12:23,0,0,0,50,0
2025-03-01 12:23,59,0,0,0,0
2025-03-01 12:23,0,0,0,0,40
2025-03-01 12:23,0,0,54,0,0
2025-03-01 12:23,0,54,0,0,0
2025-03-01 12:23,0,0,0,52,0
2025-03-01 12:23,57,0,0,0,0
2025-03-01 12:24,0,0,0,0,56
2025-03-01 12:24,0,0,40,0,0
2025-03-01 12:24,58,0,0,0,0
2025-03-01 12:24,0,0,0,0,54
2025-03-01 12:24,0,0,37,0,0
2025-03-01 12:24,0,59,0,0,0
2025-03-01 12:24,0,0,0,38,0
2025-03-01 12:24,54,0,0,0,0
2025-03-01 12:24,0,0,0,0,46
2025-03-01 12:24,0,0,39,0,0
2025-03-01 12:24,55,0,0,0,0
2025-03-01 12:24,0,0,0,0,44
2025-03-01 12:24,0,0,54,0,0
2025-03-01 12:24,0,54,0,0,0
2025-03-01 12:24,0,0,0,66,0
2025-03-01 12:24,54,0,0,0,0
2025-03-01 12:24,0,0,0,0,59
2025-03-01 12:24,0,0,56,0,0
2025-03-01 12:24,62,0,0,0,0
2025-03-01 12:25,0,0,0,0,47
2025-03-01 12:25,0,0,49,0,0
2025-03-01 12:25,0,43,0,0,0
2025-03-01 12:25,0,0,0,55,0
2025-03-01 12:25,37,0,0,0,0
2025-03-01 12:25,0,0,0,0,45
2025-03-01 12:25,0,0,0,66,0
2025-03-01 12:25,42,0,0,0,0
2025-03-01 12:25,0,0,0,0,54
2025-03-01 12:25,0,0,38,0,0
2025-03-01 12:25,0,58,0,0,0
2025-03-01 12:25,0,0,0,42,0
2025-03-01 12:25,57,0,0,0,0
2025-03-01 12:25,0,40,0,0,0
2025-03-01 12:25,0,0,0,47,0
2025-03-01 12:25,55,0,0,0,0
2025-03-01 12:25,0,0,0,0,44
2025-03-01 12:25,0,0,39,0,0
2025-03-01 12:25,0,45,0,0,0
2025-03-01 12:25,0,0,0,50,0
2025-03-01 12:26,35,0,0,0,0
2025-03-01 12:26,0,0,0,0,46
2025-03-01 12:26,0,0,0,30,0
2025-03-01 12:26,37,0,0,0,0
2025-03-01 12:26,0,0,0,0,65
2025-03-01 12:26,0,0,62,0,0
2025-03-01 12:26,0,53,0,0,0
2025-03-01 12:26,0,0,0,54,0
2025-03-01 12:26,46,0,0,0,0
2025-03-01 12:26,0,0,0,0,56
2025-03-01 12:26,0,0,0,41,0
2025-03-01 12:26,49,0,0,0,0
2025-03-01 12:26,0,0,0,0,46
2025-03-01 12:26,0,0,60,0,0
2025-03-01 12:26,0,43,0,0,0
2025-03-01 12:26,0,0,0,59,0
2025-03-01 12:26,33,0,0,0,0
2025-03-01 12:26,0,0,0,0,47
2025-03-01 12:26,0,0,49,0,0
2025-03-01 12:27,0,38,0,0,0
2025-03-01 12:27,0,0,0,32,0
2025-03-01 12:27,0,0,32,0,0
2025-03-01 12:27,0,45,0,0,0
2025-03-01 12:27,0,0,0,36,0
2025-03-01 12:27,43,0,0,0,0
2025-03-01 12:27,0,0,0,0,62
2025-03-01 12:27,0,0,48,0,0
2025-03-01 12:27,0,34,0,0,0
2025-03-01 12:27,0,0,0,68,0
2025-03-01 12:27,56,0,0,0,0
2025-03-01 12:27,0,0,0,0,59
2025-03-01 12:27,0,0,64,0,0
2025-03-01 12:27,0,47,0,0,0
2025-03-01 12:27,0,0,0,55,0
2025-03-01 12:27,51,0,0,0,0
2025-03-01 12:27,0,0,0,0,61
2025-03-01 12:27,0,0,54,0,0
2025-03-01 12:27,0,61,0,0,0
2025-03-01 12:27,0,0,0,45,0
2025-03-01 12:28,0,0,44,0,0
2025-03-01 12:28,0,47,0,0,0
2025-03-01 12:28,0,0,0,34,0
2025-03-01 12:28,54,0,0,0,0
2025-03-01 12:28,0,0,0,0,37
2025-03-01 12:28,0,0,41,0,0
2025-03-01 12:28,0,53,0,0,0
2025-03-01 12:28,0,0,0,43,0
2025-03-01 12:28,58,0,0,0,0
2025-03-01 12:28,0,0,0,0,53
2025-03-01 12:28,0,0,57,0,0
2025-03-01 12:28,0,55,0,0,0
2025-03-01 12:28,0,0,0,53,0
2025-03-01 12:28,0,0,41,0,0
2025-03-01 12:28,0,41,0,0,0
2025-03-01 12:28,0,0,0,52,0
2025-03-01 12:28,44,0,0,0,0
2025-03-01 12:28,0,0,0,0,63
2025-03-01 12:28,0,0,52,0,0
2025-03-01 12:29,0,42,0,0,0
2025-03-01 12:29,0,0,0,43,0
2025-03-01 12:29,46,0,0,0,0
2025-03-01 12:29,0,0,0,0,39
2025-03-01 12:29,0,0,55,0,0
2025-03-01 12:29,0,50,0,0,0
2025-03-01 12:29,0,0,0,56,0
2025-03-01 12:29,46,0,0,0,0
2025-03-01 12:29,0,0,0,0,47
2025-03-01 12:29,0,0,58,0,0
2025-03-01 12:29,0,45,0,0,0
2025-03-01 12:29,0,0,0,34,0
2025-03-01 12:29,54,0,0,0,0
2025-03-01 12:29,0,0,0,0,66
2025-03-01 12:29,0,0,0,44,0
2025-03-01 12:29,59,0,0,0,0
2025-03-01 12:29,0,0,0,0,54
2025-03-01 12:29,0,0,53,0,0
2025-03-01 12:29,0,55,0,0,0
2025-03-01 12:30,0,0,0,46,0
2025-03-01 12:30,48,0,0,0,0
2025-03-01 12:30,0,0,0,0,51
2025-03-01 12:30,0,0,0,45,0
2025-03-01 12:30,57,0,0,0,0
2025-03-01 12:30,0,0,0,0,72
2025-03-01 12:30,0,0,35,0,0
2025-03-01 12:30,0,58,0,0,0
2025-03-01 12:30,0,0,0,36,0
2025-03-01 12:30,0,0,47,0,0
2025-03-01 12:30,0,54,0,0,0
2025-03-01 12:30,0,0,0,86,0
2025-03-01 12:30,60,0,0,0,0
2025-03-01 12:30,0,0,0,0,54
2025-03-01 12:30,0,0,64,0,0
2025-03-01 12:30,0,59,0,0,0
2025-03-01 12:30,0,0,0,55,0
2025-03-01 12:30,49,0,0,0,0
2025-03-01 12:30,0,0,0,0,66
2025-03-01 12:31,0,0,0,45,0
2025-03-01 12:31,47,0,0,0,0
2025-03-01 12:31,0,0,0,0,57
2025-03-01 12:31,0,0,47,0,0
2025-03-01 12:31,0,53,0,0,0
2025-03-01 12:31,0,0,0,52,0
2025-03-01 12:31,66,0,0,0,0
2025-03-01 12:31,0,50,0,0,0
2025-03-01 12:31,0,0,0,52,0
2025-03-01 12:31,50,0,0,0,0
2025-03-01 12:31,0,0,0,0,50
2025-03-01 12:31,0,0,60,0,0
2025-03-01 12:31,38,0,0,0,0
2025-03-01 12:31,0,0,0,0,43
2025-03-01 12:31,0,0,37,0,0
2025-03-01 12:31,0,49,0,0,0
2025-03-01 12:31,0,0,0,61,0
2025-03-01 12:31,44,0,0,0,0
2025-03-01 12:31,0,0,0,0,51
2025-03-01 12:31,0,0,48,0,0
2025-03-01 12:32,0,55,0,0,0
2025-03-01 12:32,0,0,0,61,0
2025-03-01 12:32,41,0,0,0,0
2025-03-01 12:32,0,0,0,0,52
2025-03-01 12:32,0,0,60,0,0
2025-03-01 12:32,0,52,0,0,0
2025-03-01 12:32,0,0,0,36,0
2025-03-01 12:32,0,0,59,0,0
2025-03-01 12:32,0,0,0,0,49
2025-03-01 12:32,0,0,0,56,0
2025-03-01 12:32,50,0,0,0,0
2025-03-01 12:32,0,0,0,0,45
2025-03-01 12:32,0,0,45,0,0
2025-03-01 12:32,0,45,0,0,0
2025-03-01 12:32,0,0,0,55,0
2025-03-01 12:32,42,0,0,0,0
2025-03-01 12:32,0,0,0,43,0
2025-03-01 12:32,0,0,58,0,0
2025-03-01 12:32,0,35,0,0,0
2025-03-01 12:33,0,0,0,58,0
2025-03-01 12:33,56,0,0,0,0
2025-03-01 12:33,0,0,0,0,57
2025-03-01 12:33,0,0,51,0,0
2025-03-01 12:33,47,0,0,0,0
2025-03-01 12:33,0,0,0,0,58
2025-03-01 12:33,0,0,56,0,0
2025-03-01 12:33,0,36,0,0,0
2025-03-01 12:33,0,0,0,42,0
2025-03-01 12:33,44,0,0,0,0
2025-03-01 12:33,0,0,0,0,80
2025-03-01 12:33,0,0,54,0,0
2025-03-01 12:33,48,0,0,0,0
2025-03-01 12:33,0,0,0,53,0
2025-03-01 12:33,0,0,48,0,0
2025-03-01 12:33,0,67,0,0,0
2025-03-01 12:33,0,0,0,47,0
2025-03-01 12:33,48,0,0,0,0
2025-03-01 12:33,0,0,0,0,50
2025-03-01 12:33,0,0,60,0,0
2025-03-01 12:34,0,56,0,0,0
2025-03-01 12:34,0,0,0,58,0
2025-03-01 12:34,0,0,59,0,0
2025-03-01 12:34,0,40,0,0,0
2025-03-01 12:34,0,0,0,53,0
2025-03-01 12:34,63,0,0,0,0
2025-03-01 12:34,0,0,0,0,55
2025-03-01 12:34,0,0,47,0,0
2025-03-01 12:34,0,48,0,0,0
2025-03-01 12:34,0,0,0,43,0
2025-03-01 12:34,0,0,43,0,0
2025-03-01 12:34,0,60,0,0,0
2025-03-01 12:34,0,0,0,42,0
2025-03-01 12:34,62,0,0,0,0
2025-03-01 12:34,0,0,0,0,52
2025-03-01 12:34,0,0,39,0,0
2025-03-01 12:34,0,59,0,0,0
2025-03-01 12:34,0,0,0,46,0
2025-03-01 12:34,43,0,0,0,0
2025-03-01 12:35,0,0,0,0,41
2025-03-01 12:35,0,0,47,0,0
2025-03-01 12:35,0,58,0,0,0
2025-03-01 12:35,0,0,0,36,0
2025-03-01 12:35,53,0,0,0,0
2025-03-01 12:35,0,0,0,0,35
2025-03-01 12:35,0,0,63,0,0
2025-03-01 12:35,60,0,0,0,0
2025-03-01 12:35,0,0,0,0,45
2025-03-01 12:35,0,0,42,0,0
2025-03-01 12:35,0,42,0,0,0
2025-03-01 12:35,0,0,0,47,0
2025-03-01 12:35,57,0,0,0,0
2025-03-01 12:35,0,0,0,0,36
2025-03-01 12:35,0,0,65,0,0
2025-03-01 12:35,0,47,0,0,0
2025-03-01 12:35,0,0,0,42,0
2025-03-01 12:35,64,0,0,0,0
2025-03-01 12:35,0,0,0,0,57
2025-03-01 12:36,0,0,40,0,0
2025-03-01 12:36,0,65,0,0,0
2025-03-01 12:36,0,0,0,0,41
2025-03-01 12:36,0,0,53,0,0
2025-03-01 12:36,0,54,0,0,0
2025-03-01 12:36,0,0,0,60,0
2025-03-01 12:36,49,0,0,0,0
2025-03-01 12:36,0,0,0,0,45
2025-03-01 12:36,0,0,48,0,0
2025-03-01 12:36,41,0,0,0,0
2025-03-01 12:36,0,0,0,0,40
2025-03-01 12:36,0,0,56,0,0
2025-03-01 12:36,0,43,0,0,0
2025-03-01 12:36,0,0,0,25,0
2025-03-01 12:36,70,0,0,0,0
2025-03-01 12:36,0,0,0,0,52
2025-03-01 12:36,0,0,49,0,0
2025-03-01 12:36,0,58,0,0,0
2025-03-01 12:36,0,0,0,40,0
2025-03-01 12:36,33,0,0,0,0
2025-03-01 12:37,0,0,0,0,54
2025-03-01 12:37,0,0,46,0,0
2025-03-01 12:37,0,67,0,0,0
2025-03-01 12:37,0,0,0,70,0
2025-03-01 12:37,0,0,55,0,0
2025-03-01 12:37,0,54,0,0,0
2025-03-01 12:37,0,0,0,47,0
2025-03-01 12:37,46,0,0,0,0
2025-03-01 12:37,0,0,0,0,45
2025-03-01 12:37,0,0,43,0,0
2025-03-01 12:37,0,41,0,0,0
2025-03-01 12:37,0,0,0,60,0
2025-03-01 12:37,64,0,0,0,0
2025-03-01 12:37,0,0,0,0,45
2025-03-01 12:37,0,0,53,0,0
2025-03-01 12:37,53,0,0,0,0
2025-03-01 12:37,0,0,0,0,37
2025-03-01 12:37,0,0,52,0,0
2025-03-01 12:37,0,54,0,0,0
2025-03-01 12:38,0,0,0,65,0
2025-03-01 12:38,41,0,0,0,0
2025-03-01 12:38,0,0,0,0,57
2025-03-01 12:38,0,0,52,0,0
2025-03-01 12:38,0,46,0,0,0
2025-03-01 12:38,0,0,0,39,0
2025-03-01 12:38,0,0,26,0,0
2025-03-01 12:38,0,48,0,0,0
2025-03-01 12:38,0,0,0,42,0
2025-03-01 12:38,52,0,0,0,0
2025-03-01 12:38,0,0,0,0,60
2025-03-01 12:38,0,0,51,0,0
2025-03-01 12:38,0,53,0,0,0
2025-03-01 12:38,0,0,0,39,0
2025-03-01 12:38,44,0,0,0,0
2025-03-01 12:38,0,0,0,0,56
2025-03-01 12:38,0,0,52,0,0
2025-03-01 12:38,0,39,0,0,0
2025-03-01 12:38,0,0,0,56,0
2025-03-01 12:38,78,0,0,0,0
2025-03-01 12:39,0,0,0,0,36
2025-03-01 12:39,0,0,68,0,0
2025-03-01 12:39,0,49,0,0,0
2025-03-01 12:39,0,0,0,46,0
2025-03-01 12:39,61,0,0,0,0
2025-03-01 12:39,0,62,0,0,0
2025-03-01 12:39,0,0,0,51,0
2025-03-01 12:39,42,0,0,0,0
2025-03-01 12:39,0,0,0,0,40
2025-03-01 12:39,0,0,44,0,0
2025-03-01 12:39,0,39,0,0,0
2025-03-01 12:39,0,0,0,49,0
2025-03-01 12:39,55,0,0,0,0
2025-03-01 12:39,0,0,0,0,46
2025-03-01 12:39,0,0,53,0,0
2025-03-01 12:39,0,39,0,0,0
2025-03-01 12:39,0,0,0,56,0
2025-03-01 12:39,58,0,0,0,0
2025-03-01 12:39,0,0,0,0,44
2025-03-01 12:40,0,0,0,55,0
2025-03-01 12:40,51,0,0,0,0
2025-03-01 12:40,0,0,0,0,48
2025-03-01 12:40,0,0,54,0,0
2025-03-01 12:40,0,44,0,0,0
2025-03-01 12:40,0,0,0,65,0
2025-03-01 12:40,58,0,0,0,0
2025-03-01 12:40,0,0,0,0,59
2025-03-01 12:40,0,0,0,41,0
2025-03-01 12:40,56,0,0,0,0
2025-03-01 12:40,0,0,0,0,32
2025-03-01 12:40,0,0,71,0,0
2025-03-01 12:40,0,43,0,0,0
2025-03-01 12:40,0,0,0,61,0
2025-03-01 12:40,47,0,0,0,0
2025-03-01 12:40,0,0,0,0,60
2025-03-01 12:40,0,0,0,64,0
2025-03-01 12:40,34,0,0,0,0
2025-03-01 12:40,0,0,0,0,57
2025-03-01 12:40,0,0,52,0,0
2025-03-01 12:41,0,60,0,0,0
2025-03-01 12:41,0,0,0,51,0
2025-03-01 12:41,60,0,0,0,0
2025-03-01 12:41,0,0,0,0,29
2025-03-01 12:41,0,0,54,0,0
2025-03-01 12:41,0,53,0,0,0
2025-03-01 12:41,0,0,0,55,0
2025-03-01 12:41,44,0,0,0,0
2025-03-01 12:41,0,0,0,0,48
2025-03-01 12:41,0,0,37,0,0
2025-03-01 12:41,0,52,0,0,0
2025-03-01 12:41,0,0,0,51,0
2025-03-01 12:41,53,0,0,0,0
2025-03-01 12:41,0,0,0,0,52
2025-03-01 12:41,0,0,56,0,0
2025-03-01 12:41,0,49,0,0,0
2025-03-01 12:41,0,0,0,0,55
2025-03-01 12:41,0,0,49,0,0
2025-03-01 12:41,0,54,0,0,0
2025-03-01 12:42,0,0,0,56,0
2025-03-01 12:42,56,0,0,0,0
2025-03-01 12:42,0,0,0,0,33
2025-03-01 12:42,0,0,70,0,0
2025-03-01 12:42,0,62,0,0,0
2025-03-01 12:42,0,0,0,57,0
2025-03-01 12:42,64,0,0,0,0
2025-03-01 12:42,0,0,0,0,51
2025-03-01 12:42,0,0,0,50,0
2025-03-01 12:42,62,0,0,0,0
2025-03-01 12:42,0,0,0,0,51
2025-03-01 12:42,0,0,50,0,0
2025-03-01 12:42,0,57,0,0,0
2025-03-01 12:42,0,0,0,53,0
2025-03-01 12:42,53,0,0,0,0
2025-03-01 12:42,0,0,0,0,50
2025-03-01 12:42,0,0,63,0,0
2025-03-01 12:42,0,42,0,0,0
2025-03-01 12:42,0,0,0,38,0
2025-03-01 12:42,52,0,0,0,0
2025-03-01 12:43,0,0,0,0,56
2025-03-01 12:43,0,0,21,0,0
2025-03-01 12:43,0,36,0,0,0
2025-03-01 12:43,0,0,0,61,0
2025-03-01 12:43,55,0,0,0,0
2025-03-01 12:43,0,0,0,0,54
2025-03-01 12:43,0,0,49,0,0
2025-03-01 12:43,0,51,0,0,0
2025-03-01 12:43,0,0,0,45,0
2025-03-01 12:43,0,0,52,0,0
2025-03-01 12:43,0,54,0,0,0
2025-03-01 12:43,0,0,46,0,0
2025-03-01 12:43,0,51,0,0,0
2025-03-01 12:43,0,0,0,53,0
2025-03-01 12:43,0,0,48,0,0
2025-03-01 12:43,0,44,0,0,0
2025-03-01 12:43,0,0,0,49,0
2025-03-01 12:43,49,0,0,0,0
2025-03-01 12:43,0,0,0,0,34
2025-03-01 12:44,0,0,59,0,0
2025-03-01 12:44,0,50,0,0,0
2025-03-01 12:44,0,0,0,55,0
2025-03-01 12:44,55,0,0,0,0
2025-03-01 12:44,0,0,0,0,58
2025-03-01 12:44,0,0,52,0,0
2025-03-01 12:44,0,47,0,0,0
2025-03-01 12:44,0,0,0,37,0
2025-03-01 12:44,0,0,44,0,0
2025-03-01 12:44,0,53,0,0,0
2025-03-01 12:44,0,0,0,67,0
2025-03-01 12:44,41,0,0,0,0
2025-03-01 12:44,0,0,0,0,34
2025-03-01 12:44,0,0,46,0,0
2025-03-01 12:44,0,35,0,0,0
2025-03-01 12:44,0,0,0,53,0
2025-03-01 12:44,0,0,51,0,0
2025-03-01 12:44,0,71,0,0,0
2025-03-01 12:44,0,0,0,45,0
2025-03-01 12:44,41,0,0,0,0
2025-03-01 12:45,0,0,0,0,62
2025-03-01 12:45,0,0,57,0,0
2025-03-01 12:45,0,57,0,0,0
2025-03-01 12:45,0,0,0,54,0
2025-03-01 12:45,55,0,0,0,0
2025-03-01 12:45,0,0,0,0,64
2025-03-01 12:45,0,0,54,0,0
2025-03-01 12:45,0,43,0,0,0
2025-03-01 12:45,0,0,0,44,0
2025-03-01 12:45,49,0,0,0,0
2025-03-01 12:45,0,0,0,0,37
2025-03-01 12:45,0,0,39,0,0
2025-03-01 12:45,0,54,0,0,0
2025-03-01 12:45,0,0,0,56,0
2025-03-01 12:45,0,0,65,0,0
2025-03-01 12:45,0,40,0,0,0
2025-03-01 12:45,0,0,0,45,0
2025-03-01 12:45,45,0,0,0,0
2025-03-01 12:45,0,0,0,0,49
2025-03-01 12:46,0,0,64,0,0
2025-03-01 12:46,0,41,0,0,0
2025-03-01 12:46,0,0,0,58,0
2025-03-01 12:46,52,0,0,0,0
2025-03-01 12:46,0,40,0,0,0
2025-03-01 12:46,0,0,0,47,0
2025-03-01 12:46,37,0,0,0,0
2025-03-01 12:46,0,0,0,0,31
2025-03-01 12:46,0,0,52,0,0
2025-03-01 12:46,0,54,0,0,0
2025-03-01 12:46,0,0,0,48,0
2025-03-01 12:46,50,0,0,0,0
2025-03-01 12:46,0,0,0,0,46
2025-03-01 12:46,0,0,0,42,0
2025-03-01 12:46,51,0,0,0,0
2025-03-01 12:46,0,0,0,0,48
2025-03-01 12:46,0,0,49,0,0
2025-03-01 12:46,0,0,0,0,49
2025-03-01 12:46,0,0,54,0,0
2025-03-01 12:46,47,0,0,0,0
2025-03-01 12:47,0,0,0,0,55
2025-03-01 12:47,0,0,38,0,0
2025-03-01 12:47,0,27,0,0,0
2025-03-01 12:47,0,0,0,41,0
2025-03-01 12:47,36,0,0,0,0
2025-03-01 12:47,0,0,0,0,39
2025-03-01 12:47,0,0,57,0,0
2025-03-01 12:47,0,49,0,0,0
2025-03-01 12:47,0,0,0,0,56
2025-03-01 12:47,0,0,36,0,0
2025-03-01 12:47,0,53,0,0,0
2025-03-01 12:47,0,0,0,57,0
2025-03-01 12:47,43,0,0,0,0
2025-03-01 12:47,0,0,0,0,32
2025-03-01 12:47,0,0,52,0,0
2025-03-01 12:47,0,48,0,0,0
2025-03-01 12:47,0,0,0,59,0
2025-03-01 12:47,67,0,0,0,0
2025-03-01 12:47,0,0,0,0,54
2025-03-01 12:48,0,0,47,0,0
2025-03-01 12:48,0,41,0,0,0
2025-03-01 12:48,0,0,0,0,42
2025-03-01 12:48,0,0,64,0,0
2025-03-01 12:48,0,48,0,0,0
2025-03-01 12:48,0,0,0,49,0
2025-03-01 12:48,57,0,0,0,0
2025-03-01 12:48,0,0,0,0,56
2025-03-01 12:48,0,0,37,0,0
2025-03-01 12:48,0,45,0,0,0
2025-03-01 12:48,0,0,0,60,0
2025-03-01 12:48,76,0,0,0,0
2025-03-01 12:48,0,0,0,0,46
2025-03-01 12:48,0,0,43,0,0
2025-03-01 12:48,62,0,0,0,0
2025-03-01 12:48,0,0,0,0,60
2025-03-01 12:48,0,0,43,0,0
2025-03-01 12:48,0,39,0,0,0
2025-03-01 12:48,0,0,0,44,0
2025-03-01 12:49,47,0,0,0,0
2025-03-01 12:49,0,0,0,0,64
2025-03-08 11:38,0,0,0,46,0
2025-03-08 11:38,56,0,0,0,0
2025-03-08 11:38,0,0,0,0,42
2025-03-08 11:38,0,0,44,0,0
2025-03-08 11:38,0,35,0,0,0
2025-03-08 11:38,0,0,0,38,0
2025-03-08 11:38,49,0,0,0,0
2025-03-08 11:38,0,0,0,0,34
2025-03-08 11:38,0,0,53,0,0
2025-03-08 11:38,0,38,0,0,0
2025-03-08 11:38,0,0,0,0,49
2025-03-08 11:38,0,0,45,0,0
2025-03-08 11:38,0,41,0,0,0
2025-03-08 11:38,0,0,0,47,0
2025-03-08 11:39,46,0,0,0,0
2025-03-08 11:39,0,0,0,0,47
2025-03-08 11:39,0,0,54,0,0
2025-03-08 11:39,0,58,0,0,0
2025-03-08 11:39,0,0,0,32,0
2025-03-08 11:39,51,0,0,0,0
2025-03-08 11:39,0,0,0,0,34
2025-03-08 11:39,0,0,0,49,0
2025-03-08 11:39,0,55,0,0,0
2025-03-08 11:39,0,0,0,0,60
2025-03-08 11:39,0,0,49,0,0
2025-03-08 11:39,0,55,0,0,0
2025-03-08 11:39,0,0,0,59,0
2025-03-08 11:39,49,0,0,0,0
2025-03-08 11:39,0,0,0,0,50
2025-03-08 11:39,0,0,49,0,0
2025-03-08 11:39,0,36,0,0,0
2025-03-08 11:39,0,0,0,47,0
2025-03-08 11:39,60,0,0,0,0
2025-03-08 11:40,0,0,0,0,49
2025-03-08 11:40,0,0,0,59,0
2025-03-08 11:40,53,0,0,0,0
2025-03-08 11:40,0,0,0,0,37
2025-03-08 11:40,0,0,29,0,0
2025-03-08 11:40,0,46,0,0,0
2025-03-08 11:40,0,0,0,47,0
2025-03-08 11:40,46,0,0,0,0
2025-03-08 11:40,0,0,0,0,44
2025-03-08 11:40,0,0,0,26,0
2025-03-08 11:40,55,0,0,0,0
2025-03-08 11:40,0,0,0,0,44
2025-03-08 11:40,0,0,32,0,0
2025-03-08 11:40,0,45,0,0,0
2025-03-08 11:40,0,0,0,48,0
2025-03-08 11:40,60,0,0,0,0
2025-03-08 11:40,0,0,0,0,25
2025-03-08 11:40,0,0,0,46,0
2025-03-08 11:40,55,0,0,0,0
2025-03-08 11:41,0,0,0,0,61
2025-03-08 11:41,0,0,45,0,0
2025-03-08 11:41,0,35,0,0,0
2025-03-08 11:41,0,0,0,53,0
2025-03-08 11:41,56,0,0,0,0
2025-03-08 11:41,0,0,0,0,53
2025-03-08 11:41,0,0,64,0,0
2025-03-08 11:41,0,57,0,0,0
2025-03-08 11:41,0,0,0,0,56
2025-03-08 11:41,0,0,54,0,0
2025-03-08 11:41,0,51,0,0,0
2025-03-08 11:41,0,0,0,52,0
2025-03-08 11:41,39,0,0,0,0
2025-03-08 11:41,0,0,0,0,51
2025-03-08 11:41,0,0,50,0,0
2025-03-08 11:41,0,56,0,0,0
2025-03-08 11:41,0,0,0,38,0
2025-03-08 11:41,40,0,0,0,0
2025-03-08 11:41,0,45,0,0,0
2025-03-08 11:41,0,0,0,43,0
2025-03-08 11:42,44,0,0,0,0
2025-03-08 11:42,0,0,0,0,65
2025-03-08 11:42,0,0,54,0,0
2025-03-08 11:42,0,55,0,0,0
2025-03-08 11:42,0,0,0,61,0
2025-03-08 11:42,55,0,0,0,0
2025-03-08 11:42,0,0,0,0,43
2025-03-08 11:42,0,0,50,0,0
2025-03-08 11:42,0,55,0,0,0
2025-03-08 11:42,0,0,0,47,0
2025-03-08 11:42,48,0,0,0,0
2025-03-08 11:42,0,0,0,0,38
2025-03-08 11:50,0,0,48,0,0
2025-03-08 11:50,0,49,0,0,0
2025-03-08 11:50,0,0,0,0,50
2025-03-08 11:50,0,0,54,0,0
2025-03-08 11:50,0,0,0,0,48
2025-03-08 11:50,0,0,70,0,0
2025-03-08 11:51,0,39,0,0,0
2025-03-08 11:51,0,0,0,44,0
2025-03-08 11:51,52,0,0,0,0
2025-03-08 11:51,0,63,0,0,0
2025-03-08 11:51,0,0,0,58,0
2025-03-08 11:51,46,0,0,0,0
2025-03-08 11:51,0,0,0,0,35
2025-03-08 11:51,0,0,62,0,0
2025-03-08 11:51,0,46,0,0,0
2025-03-08 11:51,0,0,0,44,0
2025-03-08 11:51,51,0,0,0,0
2025-03-08 11:51,0,0,0,0,55
2025-03-08 11:51,0,0,54,0,0
2025-03-08 11:51,0,55,0,0,0
2025-03-08 11:51,0,0,0,0,57
2025-03-08 11:51,0,0,42,0,0
2025-03-08 11:51,0,38,0,0,0
2025-03-08 11:51,0,0,0,41,0
2025-03-08 11:51,53,0,0,0,0
2025-03-08 11:52,0,0,0,0,53
2025-03-08 11:52,0,0,55,0,0
2025-03-08 11:52,0,41,0,0,0
2025-03-08 11:52,0,0,0,64,0
2025-03-08 11:52,0,0,55,0,0
2025-03-08 11:52,0,68,0,0,0
2025-03-08 11:52,0,0,0,50,0
2025-03-08 11:52,51,0,0,0,0
2025-03-08 11:52,0,0,0,0,63
2025-03-08 11:52,0,0,33,0,0
2025-03-08 11:52,0,43,0,0,0
2025-03-08 11:52,0,0,0,58,0
2025-03-08 11:52,54,0,0,0,0
2025-03-08 11:52,0,0,0,0,40
2025-03-08 11:52,0,0,51,0,0
2025-03-08 11:52,0,40,0,0,0
2025-03-08 11:52,0,0,0,45,0
2025-03-08 11:52,37,0,0,0,0
2025-03-08 11:52,0,0,0,0,47
2025-03-08 11:52,0,0,56,0,0
2025-03-08 11:53,0,45,0,0,0
2025-03-08 11:53,0,0,0,51,0
2025-03-08 11:53,59,0,0,0,0
2025-03-08 11:53,0,0,0,0,48
2025-03-08 11:53,0,0,44,0,0
2025-03-08 11:53,0,52,0,0,0
2025-03-08 11:53,0,0,0,52,0
2025-03-08 11:53,59,0,0,0,0
2025-03-08 11:53,0,46,0,0,0
2025-03-08 11:53,0,0,0,70,0
2025-03-08 11:53,49,0,0,0,0
2025-03-08 11:53,0,0,0,0,55
2025-03-08 11:53,0,0,46,0,0
2025-03-08 11:53,0,41,0,0,0
2025-03-08 11:53,0,0,0,53,0
2025-03-08 11:53,56,0,0,0,0
2025-03-08 11:53,0,0,0,0,46
2025-03-08 11:53,0,0,0,57,0
2025-03-08 11:53,48,0,0,0,0
2025-03-08 11:54,0,0,0,0,50
2025-03-08 11:54,0,0,41,0,0
2025-03-08 11:54,0,62,0,0,0
2025-03-08 11:54,0,0,0,57,0
2025-03-08 11:54,44,0,0,0,0
2025-03-08 11:54,0,0,0,0,54
2025-03-08 11:54,0,0,45,0,0
2025-03-08 11:54,62,0,0,0,0
2025-03-08 11:54,0,0,0,0,21
2025-03-08 11:54,0,0,46,0,0
2025-03-08 11:54,0,49,0,0,0
2025-03-08 11:54,0,0,0,48,0
2025-03-08 11:54,61,0,0,0,0
2025-03-08 11:54,0,0,0,0,45
2025-03-08 11:54,0,0,64,0,0
2025-03-08 11:54,0,60,0,0,0
2025-03-08 11:54,0,0,0,0,40
2025-03-08 11:54,0,0,36,0,0
2025-03-08 11:54,0,0,0,0,57
2025-03-08 11:55,0,0,0,63,0
2025-03-08 11:55,44,0,0,0,0
2025-03-08 11:55,0,0,0,0,61
2025-03-08 11:55,0,0,51,0,0
2025-03-08 11:55,0,48,0,0,0
2025-03-08 11:55,0,0,0,56,0
2025-03-08 11:55,66,0,0,0,0
2025-03-08 11:55,0,0,0,0,65
2025-03-08 11:55,0,0,43,0,0
2025-03-08 11:55,0,47,0,0,0
2025-03-08 11:55,0,0,0,43,0
2025-03-08 11:55,0,0,47,0,0
2025-03-08 11:55,0,0,0,0,42
2025-03-08 11:55,0,0,31,0,0
2025-03-08 11:55,0,63,0,0,0
2025-03-08 11:55,0,0,0,0,38
2025-03-08 11:55,0,0,58,0,0
2025-03-08 11:55,0,50,0,0,0
2025-03-08 11:55,0,0,0,70,0
2025-03-08 11:55,67,0,0,0,0
2025-03-08 11:56,0,0,0,0,59
2025-03-08 11:56,0,0,48,0,0
2025-03-08 11:56,0,55,0,0,0
2025-03-08 11:56,0,0,0,53,0
2025-03-08 11:56,43,0,0,0,0
2025-03-08 11:56,0,0,0,0,54
2025-03-08 11:56,0,0,47,0,0
2025-03-08 11:56,0,54,0,0,0
2025-03-08 11:56,0,0,0,63,0
2025-03-08 11:56,58,0,0,0,0
2025-03-08 11:56,0,55,0,0,0
2025-03-08 11:56,0,0,0,59,0
2025-03-08 11:56,43,0,0,0,0
2025-03-08 11:56,0,0,0,0,57
2025-03-08 11:56,0,0,45,0,0
2025-03-08 11:56,0,70,0,0,0
2025-03-08 11:56,0,0,0,60,0
2025-03-08 11:56,53,0,0,0,0
2025-03-08 11:56,0,0,0,0,39
2025-03-08 11:57,0,0,0,50,0
2025-03-08 11:57,39,0,0,0,0
2025-03-08 11:57,0,0,0,0,41
2025-03-08 11:57,0,0,61,0,0
2025-03-08 11:57,0,51,0,0,0
2025-03-08 11:57,0,0,0,36,0
2025-03-08 11:57,79,0,0,0,0
2025-03-08 11:57,0,0,0,0,53
2025-03-08 11:57,0,0,0,53,0
2025-03-08 11:57,44,0,0,0,0
2025-03-08 11:57,0,0,0,0,55
2025-03-08 11:57,0,0,58,0,0
2025-03-08 11:57,0,0,0,0,49
2025-03-08 11:57,0,0,69,0,0
2025-03-08 11:57,0,56,0,0,0
2025-03-08 11:57,0,0,0,50,0
2025-03-08 11:57,51,0,0,0,0
2025-03-08 11:57,0,0,0,0,41
2025-03-08 11:57,0,0,51,0,0
2025-03-08 11:57,47,0,0,0,0
2025-03-08 11:58,0,0,0,0,46
2025-03-08 11:58,0,0,54,0,0
2025-03-08 11:58,0,43,0,0,0
2025-03-08 11:58,0,0,0,63,0
2025-03-08 11:58,42,0,0,0,0
2025-03-08 11:58,0,0,0,0,63
2025-03-08 11:58,0,0,56,0,0
2025-03-08 11:58,0,56,0,0,0
2025-03-08 11:58,0,0,0,47,0
2025-03-08 11:58,31,0,0,0,0
2025-03-08 11:58,0,50,0,0,0
2025-03-08 11:58,0,0,0,57,0
2025-03-08 11:58,64,0,0,0,0
2025-03-08 11:58,0,0,0,0,55
2025-03-08 11:58,0,0,39,0,0
2025-03-08 11:58,0,48,0,0,0
2025-03-08 11:58,0,0,0,50,0
2025-03-08 11:58,51,0,0,0,0
2025-03-08 11:58,0,0,0,0,66
2025-03-08 11:59,0,0,60,0,0
2025-03-08 11:59,0,53,0,0,0
2025-03-08 11:59,0,0,0,55,0
2025-03-08 11:59,0,0,47,0,0
2025-03-08 11:59,0,46,0,0,0
2025-03-08 11:59,0,0,0,47,0
2025-03-08 11:59,59,0,0,0,0
2025-03-08 11:59,0,0,0,0,43
2025-03-08 11:59,0,0,40,0,0
2025-03-08 11:59,0,66,0,0,0
2025-03-08 11:59,0,0,0,43,0
2025-03-08 11:59,56,0,0,0,0
2025-03-08 11:59,0,0,0,0,61
2025-03-08 11:59,0,0,55,0,0
2025-03-08 11:59,0,46,0,0,0
2025-03-08 11:59,0,0,0,0,35
2025-03-08 11:59,0,0,44,0,0
2025-03-08 11:59,0,46,0,0,0
2025-03-08 11:59,0,0,0,50,0
2025-03-08 11:59,50,0,0,0,0
2025-03-08 12:00,0,0,0,0,44
2025-03-08 12:00,0,0,36,0,0
2025-03-08 12:00,0,72,0,0,0
2025-03-08 12:00,0,0,0,36,0
2025-03-08 12:00,51,0,0,0,0
2025-03-08 12:00,0,0,0,0,66
2025-03-08 12:00,0,0,0,54,0
2025-03-08 12:00,46,0,0,0,0
2025-03-08 12:00,0,0,0,0,30
2025-03-08 12:00,0,0,45,0,0
2025-03-08 12:00,0,43,0,0,0
2025-03-08 12:00,0,0,0,61,0
2025-03-08 12:00,46,0,0,0,0
2025-03-08 12:00,0,0,0,0,63
2025-03-08 12:00,0,0,34,0,0
2025-03-08 12:00,0,30,0,0,0
2025-03-08 12:00,0,0,0,44,0
2025-03-08 12:00,0,0,48,0,0
2025-03-08 12:00,0,0,0,0,50
2025-03-08 12:01,0,0,0,51,0
2025-03-08 12:01,43,0,0,0,0
2025-03-08 12:01,0,0,0,59,0
2025-03-08 12:01,0,0,51,0,0
2025-03-08 12:01,0,48,0,0,0
2025-03-08 12:01,0,0,0,45,0
2025-03-08 12:01,0,35,0,0,0
2025-03-08 12:01,0,0,0,0,41
2025-03-12 17:51,0,0,0,0,51
2025-03-12 17:51,0,0,52,0,0
2025-03-12 17:51,0,54,0,0,0
2025-03-12 17:51,0,0,0,54,0
2025-03-12 17:51,51,0,0,0,0
2025-03-12 17:52,0,0,0,0,52
2025-03-12 17:52,0,0,50,0,0
2025-03-12 17:52,0,36,0,0,0
2025-03-12 17:52,0,0,0,45,0
2025-03-12 17:52,0,0,51,0,0
2025-03-12 17:52,0,0,0,0,56
2025-03-12 17:52,0,0,46,0,0
2025-03-12 17:52,50,0,0,0,0
2025-03-12 17:52,0,0,0,0,57
2025-03-12 17:52,0,0,56,0,0
2025-03-12 17:52,0,62,0,0,0
2025-03-12 17:52,0,0,0,52,0
2025-03-12 17:52,44,0,0,0,0
2025-03-12 17:52,0,0,0,0,45
2025-03-12 17:52,0,0,36,0,0
2025-03-12 17:52,0,56,0,0,0
2025-03-12 17:52,0,0,0,41,0
2025-03-12 17:52,56,0,0,0,0
2025-03-12 17:52,0,0,0,0,41
2025-03-12 17:52,0,0,52,0,0
2025-03-12 17:53,0,51,0,0,0
2025-03-12 17:53,0,0,0,0,30
2025-03-12 17:53,0,0,42,0,0
2025-03-12 17:53,0,51,0,0,0
2025-03-12 17:53,0,0,0,0,44
2025-03-12 17:53,42,0,0,0,0
2025-03-12 17:53,0,0,0,0,46
2025-03-12 17:53,0,0,49,0,0
2025-03-12 17:53,0,47,0,0,0
2025-03-12 17:53,0,0,0,56,0
2025-03-12 17:53,55,0,0,0,0
2025-03-12 17:53,0,0,0,0,57
2025-03-12 17:53,0,0,46,0,0
2025-03-12 17:53,0,56,0,0,0
2025-03-12 17:53,0,0,0,49,0
2025-03-12 17:53,34,0,0,0,0
2025-03-12 17:53,0,53,0,0,0
2025-03-12 17:53,0,0,44,0,0
2025-03-12 17:53,0,33,0,0,0
2025-03-12 17:54,0,0,0,42,0
2025-03-12 17:54,58,0,0,0,0
2025-03-12 17:54,0,0,68,0,0
2025-03-12 17:54,0,0,0,0,54
2025-03-12 17:54,33,0,0,0,0
2025-03-12 17:54,0,0,0,0,39
2025-03-12 17:54,0,0,61,0,0
2025-03-12 17:54,0,50,0,0,0
2025-03-12 17:54,0,0,0,0,35
2025-03-12 17:54,57,0,0,0,0
2025-03-12 17:54,0,0,0,0,48
2025-03-12 17:54,0,0,0,59,0
2025-03-12 17:54,0,0,39,0,0
2025-03-12 17:54,0,0,0,0,43
2025-03-12 17:54,0,0,53,0,0
2025-03-12 17:54,0,60,0,0,0
2025-03-12 17:54,0,0,0,0,45
2025-03-12 17:54,56,0,0,0,0
2025-03-12 17:54,0,0,0,0,38
2025-03-12 17:54,0,0,53,0,0
2025-03-12 17:55,0,38,0,0,0
2025-03-12 17:55,0,0,0,45,0
2025-03-12 17:55,62,0,0,0,0
2025-03-12 17:55,0,0,0,0,63
2025-03-12 17:55,0,0,55,0,0
2025-03-12 17:55,0,51,0,0,0
2025-03-12 17:55,0,0,0,41,0
2025-03-12 17:55,0,0,0,39,0
2025-03-12 17:55,0,68,0,0,0
2025-03-12 17:55,0,0,0,52,0
2025-03-12 17:55,31,0,0,0,0
2025-03-12 17:55,0,0,0,0,37
2025-03-12 17:55,0,0,36,0,0
2025-03-12 17:55,0,46,0,0,0
2025-03-12 17:55,0,0,0,56,0
2025-03-12 17:55,38,0,0,0,0
2025-03-12 17:55,0,0,0,0,48
2025-03-12 17:55,0,0,51,0,0
2025-03-12 17:55,56,0,0,0,0
2025-03-12 17:56,0,0,0,46,0
2025-03-12 17:56,65,0,0,0,0
2025-03-12 17:56,0,0,0,0,49
2025-03-12 17:56,0,0,48,0,0
2025-03-12 17:56,0,43,0,0,0
2025-03-12 17:56,0,0,0,30,0
2025-03-12 17:56,50,0,0,0,0
2025-03-12 17:56,0,0,0,0,61
2025-03-12 17:56,0,0,52,0,0
2025-03-12 17:56,50,0,0,0,0
2025-03-12 17:56,0,0,0,0,42
2025-03-12 17:56,0,0,0,47,0
2025-03-12 17:56,0,34,0,0,0
2025-03-12 17:56,0,0,0,43,0
2025-03-12 17:56,46,0,0,0,0
2025-03-12 17:56,0,0,0,0,51
2025-03-12 17:56,0,0,59,0,0
2025-03-12 17:56,0,45,0,0,0
2025-03-12 17:56,0,0,0,52,0
2025-03-12 17:56,46,0,0,0,0
2025-03-12 17:57,0,0,0,0,44
2025-03-12 17:57,0,0,42,0,0
2025-03-12 17:57,0,51,0,0,0
2025-03-12 17:57,0,0,0,64,0
2025-03-12 17:57,0,0,47,0,0
2025-03-12 17:57,0,72,0,0,0
2025-03-12 17:57,0,0,0,38,0
2025-03-12 17:57,38,0,0,0,0
2025-03-12 17:57,0,0,0,0,50
2025-03-12 17:57,0,0,48,0,0
2025-03-12 17:57,0,53,0,0,0
2025-03-12 17:57,0,0,0,42,0
2025-03-12 17:57,0,0,53,0,0
2025-03-12 17:57,0,0,0,0,69
2025-03-12 17:57,0,0,49,0,0
2025-03-12 17:57,0,45,0,0,0
2025-03-12 17:57,0,0,0,40,0
2025-03-12 17:57,0,0,42,0,0
2025-03-12 17:57,0,35,0,0,0
2025-03-12 17:57,0,0,0,58,0
2025-03-12 17:58,60,0,0,0,0
2025-03-12 17:58,0,0,0,0,31
2025-03-12 17:58,0,0,56,0,0
2025-03-12 17:58,0,31,0,0,0
2025-03-12 17:58,0,0,0,52,0
2025-03-12 17:58,58,0,0,0,0
2025-03-12 17:58,0,0,0,0,51
2025-03-12 17:58,0,0,44,0,0
2025-03-12 17:58,0,43,0,0,0
2025-03-12 17:58,0,0,0,46,0
2025-03-12 17:58,65,0,0,0,0
2025-03-12 17:58,0,0,0,0,58
2025-03-12 17:58,0,0,57,0,0
2025-03-12 17:58,0,47,0,0,0
2025-03-12 17:58,0,0,0,45,0
2025-03-12 17:58,52,0,0,0,0
2025-03-12 17:58,0,0,0,0,33
2025-03-12 17:58,0,0,72,0,0
2025-03-12 17:58,0,52,0,0,0
2025-03-12 17:59,0,0,0,48,0
2025-03-12 17:59,0,0,51,0,0
2025-03-12 17:59,0,39,0,0,0
2025-03-12 17:59,0,0,0,60,0
2025-03-12 17:59,40,0,0,0,0
2025-03-12 17:59,0,0,0,0,51
2025-03-12 17:59,0,0,0,51,0
2025-03-12 17:59,0,46,0,0,0
2025-03-12 17:59,0,0,0,46,0
2025-03-12 17:59,32,0,0,0,0
2025-03-12 17:59,0,0,0,0,41
2025-03-12 17:59,0,0,47,0,0
2025-03-12 17:59,0,35,0,0,0
2025-03-12 17:59,0,0,0,38,0
2025-03-12 17:59,56,0,0,0,0
2025-03-12 17:59,0,0,0,0,55
2025-03-12 17:59,0,0,53,0,0
2025-03-12 17:59,0,44,0,0,0
2025-03-12 17:59,0,0,0,54,0
2025-03-12 17:59,43,0,0,0,0
2025-03-12 18:00,0,0,0,0,40
2025-03-12 18:00,0,0,39,0,0
2025-03-12 18:00,0,63,0,0,0
2025-03-12 18:00,0,0,0,54,0
2025-03-12 18:00,0,0,36,0,0
2025-03-12 18:00,0,55,0,0,0
2025-03-12 18:00,0,0,0,52,0
2025-03-12 18:00,64,0,0,0,0
2025-03-12 18:00,0,0,0,0,49
2025-03-12 18:00,0,0,48,0,0
2025-03-12 18:00,0,53,0,0,0
2025-03-12 18:00,0,0,0,33,0
2025-03-12 18:00,66,0,0,0,0
2025-03-12 18:00,0,0,0,0,51
2025-03-12 18:00,0,0,50,0,0
2025-03-12 18:00,0,48,0,0,0
2025-03-12 18:00,0,0,0,47,0
2025-03-12 18:00,0,0,50,0,0
2025-03-12 18:00,0,60,0,0,0
2025-03-12 18:01,0,0,0,57,0
2025-03-12 18:01,66,0,0,0,0
2025-03-12 18:01,0,0,0,0,37
2025-03-12 18:01,0,0,56,0,0
2025-03-12 18:01,0,65,0,0,0
2025-03-12 18:01,0,0,0,50,0
2025-03-12 18:01,66,0,0,0,0
2025-03-12 18:01,0,0,0,0,36
2025-03-12 18:01,0,0,21,0,0
2025-03-12 18:01,0,66,0,0,0
2025-03-12 18:01,0,0,0,42,0
2025-03-12 18:01,0,0,43,0,0
2025-03-12 18:01,0,52,0,0,0
2025-03-12 18:01,0,0,0,49,0
2025-03-12 18:01,0,0,54,0,0
2025-03-12 18:01,0,0,0,0,43
2025-03-12 18:01,0,0,40,0,0
2025-03-12 18:01,0,64,0,0,0
2025-03-12 18:01,0,0,0,43,0
2025-03-12 18:01,46,0,0,0,0
2025-03-12 18:02,0,0,0,0,47
2025-03-12 18:02,0,0,46,0,0
2025-03-12 18:02,0,51,0,0,0
2025-03-12 18:02,0,0,0,62,0
2025-03-12 18:02,47,0,0,0,0
2025-03-12 18:02,0,0,0,0,44
2025-03-12 18:02,0,0,47,0,0
2025-03-12 18:02,0,28,0,0,0
2025-03-12 18:02,0,0,0,38,0
2025-03-12 18:02,0,0,38,0,0
2025-03-12 18:02,44,0,0,0,0
2025-03-12 18:02,0,0,0,55,0
2025-03-12 18:02,47,0,0,0,0
2025-03-12 18:02,0,0,0,0,58
2025-03-12 18:02,0,0,53,0,0
2025-03-12 18:02,0,59,0,0,0
2025-03-12 18:02,0,0,0,48,0
2025-03-12 18:02,35,0,0,0,0
2025-03-12 18:02,0,0,0,0,49
2025-03-12 18:03,0,0,39,0,0
2025-03-12 18:03,36,0,0,0,0
2025-03-12 18:03,0,0,0,0,66
2025-03-12 18:03,0,0,45,0,0
2025-03-12 18:03,0,54,0,0,0
2025-03-12 18:03,0,0,0,40,0
2025-03-12 18:03,39,0,0,0,0
2025-03-12 18:03,0,45,0,0,0
2025-03-12 18:03,0,0,0,62,0
2025-03-12 18:03,60,0,0,0,0
2025-03-12 18:03,0,0,0,0,54
2025-03-12 18:03,0,0,53,0,0
2025-03-12 18:03,0,51,0,0,0
2025-03-12 18:03,0,0,0,44,0
2025-03-12 18:03,68,0,0,0,0
2025-03-12 18:03,0,0,0,0,53
2025-03-12 18:03,0,0,0,53,0
2025-03-12 18:03,45,0,0,0,0
2025-03-12 18:03,0,56,0,0,0
2025-03-12 18:04,0,0,59,0,0
2025-03-12 18:04,0,48,0,0,0
2025-03-12 18:04,0,0,0,54,0
2025-03-12 18:04,47,0,0,0,0
2025-03-12 18:04,0,0,0,0,44
2025-03-12 18:04,0,0,44,0,0
2025-03-12 18:04,50,0,0,0,0
2025-03-12 18:04,0,0,0,52,0
2025-03-12 18:04,0,0,50,0,0
2025-03-12 18:04,0,45,0,0,0
2025-03-12 18:04,0,0,0,51,0
2025-03-12 18:04,54,0,0,0,0
2025-03-12 18:04,0,0,0,0,36
2025-03-12 18:04,0,0,51,0,0
2025-03-12 18:04,56,0,0,0,0
2025-03-12 18:04,0,0,0,0,47
2025-03-12 18:04,0,0,67,0,0
2025-03-12 18:04,0,67,0,0,0
2025-03-12 18:04,0,0,0,54,0
2025-03-12 18:04,48,0,0,0,0
2025-03-12 18:05,0,0,0,0,45
2025-03-12 18:05,0,0,41,0,0
2025-03-12 18:05,0,62,0,0,0
2025-03-12 18:05,0,0,0,55,0
2025-03-12 18:05,47,0,0,0,0
2025-03-12 18:05,0,0,0,0,51
2025-03-12 18:05,0,0,0,45,0
2025-03-12 18:05,60,0,0,0,0
2025-03-12 18:05,0,0,0,0,60
2025-03-12 18:05,0,0,52,0,0
2025-03-12 18:05,0,56,0,0,0
2025-03-12 18:05,0,0,0,41,0
2025-03-12 18:05,51,0,0,0,0
2025-03-12 18:05,0,0,0,0,32
2025-03-12 18:05,0,0,0,38,0
2025-03-12 18:05,0,56,0,0,0
2025-03-12 18:05,0,0,0,0,48
2025-03-12 18:05,0,0,56,0,0
2025-03-12 18:05,0,50,0,0,0
2025-03-12 18:06,0,0,0,52,0
2025-03-12 18:06,54,0,0,0,0
2025-03-12 18:06,0,0,0,0,48
2025-03-12 18:06,0,0,57,0,0
2025-03-12 18:06,0,52,0,0,0
2025-03-12 18:06,0,0,0,53,0
2025-03-12 18:06,57,0,0,0,0
2025-03-12 18:06,0,0,0,0,52
2025-03-12 18:06,0,0,35,0,0
2025-03-12 18:06,0,51,0,0,0
2025-03-12 18:06,0,0,0,44,0
2025-03-12 18:06,50,0,0,0,0
2025-03-12 18:06,0,0,0,0,45
2025-03-12 18:06,0,0,0,55,0
2025-03-12 18:06,39,0,0,0,0
2025-03-12 18:06,0,0,0,0,42
2025-03-12 18:06,0,0,65,0,0
2025-03-12 18:06,0,45,0,0,0
2025-03-12 18:06,0,0,0,47,0
2025-03-12 18:06,50,0,0,0,0
2025-03-12 18:07,0,0,0,0,53
2025-03-12 18:07,0,0,64,0,0
2025-03-12 18:07,0,42,0,0,0
2025-03-12 18:07,0,0,0,52,0
2025-03-12 18:07,39,0,0,0,0
2025-03-12 18:07,0,0,0,0,58
2025-03-12 18:07,0,0,0,37,0
2025-03-12 18:07,0,0,45,0,0
2025-03-12 18:07,0,0,0,0,43
2025-03-12 18:07,0,0,53,0,0
2025-03-12 18:07,0,41,0,0,0
2025-03-12 18:07,0,0,0,60,0
2025-03-12 18:07,40,0,0,0,0
2025-03-12 18:07,0,0,0,0,26
2025-03-12 18:07,0,0,45,0,0
2025-03-12 18:07,0,41,0,0,0
2025-03-12 18:07,0,0,0,44,0
2025-03-12 18:07,0,0,42,0,0
2025-03-12 18:07,0,69,0,0,0
2025-03-12 18:08,0,0,0,47,0
2025-03-12 18:08,0,57,0,0,0
2025-03-12 18:08,0,0,0,51,0
2025-03-12 18:08,43,0,0,0,0
2025-03-12 18:08,0,0,0,0,61
2025-03-12 18:08,0,0,0,69,0
2025-03-12 18:08,0,33,0,0,0
2025-03-12 18:08,0,0,0,0,55
2025-03-12 18:08,0,0,53,0,0
2025-03-12 18:08,0,63,0,0,0
2025-03-12 18:08,0,0,0,48,0
2025-03-12 18:08,50,0,0,0,0
2025-03-12 18:08,0,0,0,0,69
2025-03-12 18:08,0,0,63,0,0
2025-03-12 18:08,0,44,0,0,0
2025-03-12 18:08,0,0,0,62,0
2025-03-12 18:08,35,0,0,0,0
2025-03-12 18:08,0,0,0,0,49
2025-03-12 18:08,0,0,45,0,0
2025-03-12 18:08,31,0,0,0,0
2025-03-12 18:09,0,0,0,50,0
2025-03-12 18:09,39,0,0,0,0
2025-03-12 18:09,0,0,0,0,49
2025-03-12 18:09,0,0,53,0,0
2025-03-12 18:09,58,0,0,0,0
2025-03-12 18:09,0,0,0,0,46
2025-03-12 18:09,0,0,41,0,0
2025-03-12 18:09,0,51,0,0,0
2025-03-12 18:09,0,0,0,42,0
2025-03-12 18:09,33,0,0,0,0
2025-03-12 18:09,0,0,0,0,30
2025-03-12 18:09,0,0,42,0,0
2025-03-12 18:09,0,36,0,0,0
2025-03-12 18:09,0,0,0,53,0
2025-03-12 18:09,34,0,0,0,0
2025-03-12 18:09,0,48,0,0,0
2025-03-12 18:09,0,0,65,0,0
2025-03-12 18:09,0,45,0,0,0
2025-03-12 18:09,0,0,0,39,0
2025-03-12 18:09,50,0,0,0,0
2025-03-12 18:10,0,0,0,0,73
2025-03-12 18:10,0,0,32,0,0
2025-03-12 18:10,0,58,0,0,0
2025-03-12 18:10,0,0,0,46,0
2025-03-12 18:10,37,0,0,0,0
2025-03-12 18:10,0,0,0,0,36
2025-03-12 18:10,0,0,0,55,0
2025-03-12 18:10,44,0,0,0,0
2025-03-12 18:10,0,0,0,0,50
2025-03-12 18:10,0,0,63,0,0
2025-03-12 18:10,0,51,0,0,0
2025-03-12 18:10,0,0,0,51,0
2025-03-12 18:10,37,0,0,0,0
2025-03-12 18:10,0,0,0,0,46
2025-03-12 18:10,0,0,57,0,0
2025-03-12 18:10,0,39,0,0,0
2025-03-12 18:10,0,0,0,42,0
2025-03-12 18:10,0,0,47,0,0
2025-03-12 18:10,0,40,0,0,0
2025-03-12 18:11,0,0,47,0,0
2025-03-12 18:11,0,45,0,0,0
2025-03-12 18:11,0,0,0,40,0
2025-03-12 18:11,44,0,0,0,0
2025-03-12 18:11,0,0,0,0,49
2025-03-12 18:11,0,0,0,49,0
2025-03-12 18:11,55,0,0,0,0
2025-03-12 18:11,0,0,0,0,41
2025-03-12 18:11,0,0,40,0,0
2025-03-12 18:11,0,57,0,0,0
2025-03-12 18:11,0,0,0,0,64
2025-03-12 18:11,51,0,0,0,0
2025-03-12 18:11,0,0,0,0,63
2025-03-12 18:11,0,0,35,0,0
2025-03-12 18:11,0,62,0,0,0
2025-03-12 18:11,0,0,0,0,40
2025-03-12 18:11,0,0,41,0,0
2025-03-12 18:11,0,71,0,0,0
2025-03-12 18:11,0,0,0,61,0
2025-03-12 18:11,0,0,42,0,0
2025-03-12 18:12,0,0,0,0,29
2025-03-12 18:12,0,0,42,0,0
2025-03-12 18:12,0,56,0,0,0
2025-03-12 18:12,0,0,0,54,0
2025-03-12 18:12,43,0,0,0,0
2025-03-12 18:12,0,0,0,0,46
2025-03-12 18:12,0,0,51,0,0
2025-03-12 18:12,32,0,0,0,0
2025-03-12 18:12,0,0,0,49,0
2025-03-12 18:12,38,0,0,0,0
2025-03-12 18:12,0,0,0,0,40
2025-03-12 18:12,0,0,63,0,0
2025-03-12 18:12,0,54,0,0,0
2025-03-12 18:12,0,0,0,50,0
2025-03-12 18:12,50,0,0,0,0
2025-03-12 18:12,0,0,0,0,53
2025-03-12 18:12,0,0,56,0,0
2025-03-12 18:12,0,67,0,0,0
2025-03-12 18:12,0,0,0,53,0
2025-03-12 18:13,44,0,0,0,0
2025-03-12 18:13,0,0,0,0,55
2025-03-12 18:13,0,0,41,0,0
2025-03-12 18:13,0,47,0,0,0
2025-03-12 18:13,0,0,0,29,0
2025-03-12 18:13,0,0,50,0,0
2025-03-12 18:13,0,61,0,0,0
2025-03-12 18:13,0,0,0,52,0
2025-03-12 18:13,58,0,0,0,0
2025-03-12 18:13,0,0,0,0,56
2025-03-12 18:13,0,0,51,0,0
